"","ETH.USD.Open","ETH.USD.High","ETH.USD.Low","ETH.USD.Close","ETH.USD.Volume","ETH.USD.Adjusted","date","day_of_week","weekend"
"2024-11-01",2515.87036132812,2583.77709960938,2467.8193359375,2511.88549804688,20215438328,2511.88549804688,2024-11-01,"Fri",0
"2024-11-02",2512.20825195312,2522.36059570312,2471.95556640625,2491.06860351562,9639457439,2491.06860351562,2024-11-02,"Sat",1
"2024-11-03",2491.09448242188,2495.4365234375,2411.3984375,2456.42529296875,15667779706,2456.42529296875,2024-11-03,"Sun",1
"2024-11-04",2456.09521484375,2488.35034179688,2359.578125,2397.0263671875,17110200696,2397.0263671875,2024-11-04,"Mon",0
"2024-11-05",2397.03637695312,2478.61889648438,2380.60131835938,2422.65063476562,17894057485,2422.65063476562,2024-11-05,"Tue",0
"2024-11-06",2422.53930664062,2743.96411132812,2421.81298828125,2724.16918945312,41887574364,2724.16918945312,2024-11-06,"Wed",0
"2024-11-07",2724.005859375,2918.74438476562,2701.5908203125,2895.58544921875,35352318438,2895.58544921875,2024-11-07,"Thu",0
"2024-11-08",2895.59790039062,2983.74487304688,2889.484375,2962.29663085938,32303261101,2962.29663085938,2024-11-08,"Fri",0
"2024-11-09",2962.791015625,3156.3662109375,2957.18237304688,3131.14453125,29210133088,3131.14453125,2024-11-09,"Sat",1
"2024-11-10",3130.72924804688,3249.9140625,3073.24877929688,3191.33129882812,47418730187,3191.33129882812,2024-11-10,"Sun",1
"2024-11-11",3191.65698242188,3389.529296875,3109.76953125,3374.81298828125,55417771668,3374.81298828125,2024-11-11,"Mon",0
"2024-11-12",3375.15478515625,3444.15405273438,3211.19848632812,3246.25732421875,56686078066,3246.25732421875,2024-11-12,"Tue",0
"2024-11-13",3244.54321289062,3337.87719726562,3121.666015625,3192.59594726562,52010205682,3192.59594726562,2024-11-13,"Wed",0
"2024-11-14",3192.5205078125,3240.27075195312,3032.97192382812,3058.94873046875,35743352141,3058.94873046875,2024-11-14,"Thu",0
"2024-11-15",3059.52612304688,3130.70385742188,3016.14404296875,3103.04052734375,32701369872,3103.04052734375,2024-11-15,"Fri",0
"2024-11-16",3089.73999023438,3218.08959960938,3073.28637695312,3133.27392578125,26650658846,3133.27392578125,2024-11-16,"Sat",1
"2024-11-17",3133.306640625,3160.15258789062,3039.24682617188,3075.66162109375,28348163224,3075.66162109375,2024-11-17,"Sun",1
"2024-11-18",3075.72290039062,3225.13061523438,3052.4912109375,3207.8564453125,35445557613,3207.8564453125,2024-11-18,"Mon",0
"2024-11-19",3208.25048828125,3222.00439453125,3070.36279296875,3111.38403320312,29823634432,3111.38403320312,2024-11-19,"Tue",0
"2024-11-20",3111.11694335938,3159.94946289062,3032.60327148438,3072.18798828125,29785491216,3072.18798828125,2024-11-20,"Wed",0
"2024-11-21",3072.05517578125,3388.54296875,3035.8466796875,3361.05395507812,51619069348,3361.05395507812,2024-11-21,"Thu",0
"2024-11-22",3360.654296875,3428.46044921875,3262.80883789062,3331.60083007812,36775716442,3331.60083007812,2024-11-22,"Fri",0
"2024-11-23",3331.6455078125,3499.37084960938,3317.65478515625,3396.22338867188,38835184688,3396.22338867188,2024-11-23,"Sat",1
"2024-11-24",3396.99951171875,3451.80224609375,3288.43090820312,3363.65991210938,27901454185,3363.65991210938,2024-11-24,"Sun",1
"2024-11-25",3364.6015625,3545.27880859375,3304.09399414062,3413.5439453125,51544793988,3413.5439453125,2024-11-25,"Mon",0
"2024-11-26",3412.95092773438,3461.29296875,3255.54296875,3326.51733398438,39902959158,3326.51733398438,2024-11-26,"Tue",0
"2024-11-27",3326.02905273438,3687.00903320312,3303.56787109375,3657.24926757812,43383987191,3657.24926757812,2024-11-27,"Wed",0
"2024-11-28",3656.60961914062,3664.87817382812,3531.87060546875,3579.8115234375,32362724276,3579.8115234375,2024-11-28,"Thu",0
"2024-11-29",3579.91064453125,3647.26440429688,3538.44677734375,3593.49438476562,27622629486,3593.49438476562,2024-11-29,"Fri",0
"2024-11-30",3593.59814453125,3739.93481445312,3572.25415039062,3705.70532226562,30670867436,3705.70532226562,2024-11-30,"Sat",1
"2024-12-01",3706.61987304688,3747.45532226562,3663.23413085938,3711.1650390625,28018113530,3711.1650390625,2024-12-01,"Sun",1
"2024-12-02",3710.49536132812,3761.34301757812,3557.25219726562,3644.19848632812,47284967570,3644.19848632812,2024-12-02,"Mon",0
"2024-12-03",3643.7421875,3670.2197265625,3504.22631835938,3620.71166992188,36839829742,3620.71166992188,2024-12-03,"Tue",0
"2024-12-04",3620.03759765625,3895.17431640625,3617.74462890625,3841.3310546875,56799745752,3841.3310546875,2024-12-04,"Wed",0
"2024-12-05",3840.84448242188,3956.54150390625,3683.4208984375,3811.00830078125,60568296606,3811.00830078125,2024-12-05,"Thu",0
"2024-12-06",3792.20849609375,4093.17211914062,3782.68139648438,4005.810546875,52853668566,4005.810546875,2024-12-06,"Fri",0
"2024-12-07",4006.02880859375,4029.45288085938,3974.17626953125,4002.69262695312,22574636761,4002.69262695312,2024-12-07,"Sat",1
"2024-12-08",4007.69067382812,4018,3927.85400390625,4005.70458984375,20943378971,4005.70458984375,2024-12-08,"Sun",1
"2024-12-09",4006.10180664062,4008.77783203125,3525.23291015625,3718.6904296875,57029832059,3718.6904296875,2024-12-09,"Mon",0
"2024-12-10",3719.00048828125,3780.75341796875,3520.365234375,3631.83374023438,58416417599,3631.83374023438,2024-12-10,"Tue",0
"2024-12-11",3631.27612304688,3850.76538085938,3567.56640625,3832.82202148438,35968053196,3832.82202148438,2024-12-11,"Wed",0
"2024-12-12",3833.17211914062,3987.005859375,3800.0908203125,3883.1015625,42971675764,3883.1015625,2024-12-12,"Thu",0
"2024-12-13",3883.03002929688,3967.39526367188,3855.02368164062,3911.20532226562,34895127659,3911.20532226562,2024-12-13,"Fri",0
"2024-12-14",3910.84790039062,3943.27807617188,3826.76196289062,3868.4052734375,28756190559,3868.4052734375,2024-12-14,"Sat",1
"2024-12-15",3868.44116210938,3971.498046875,3832.0966796875,3951.94116210938,25069616984,3951.94116210938,2024-12-15,"Sun",1
"2024-12-16",3951.65283203125,4106.95556640625,3882.70532226562,3987.48095703125,46536359669,3987.48095703125,2024-12-16,"Mon",0
"2024-12-17",3987.333984375,4040.337890625,3849.28662109375,3886.76611328125,35418700472,3886.76611328125,2024-12-17,"Tue",0
"2024-12-18",3886.88696289062,3902.71557617188,3617.84057617188,3618.79125976562,48946681636,3618.79125976562,2024-12-18,"Wed",0
"2024-12-19",3619.58203125,3717.66235351562,3330.87255859375,3417.92797851562,58879190250,3417.92797851562,2024-12-19,"Thu",0
"2024-12-20",3417.93017578125,3496.32739257812,3098.20361328125,3472.55346679688,66383827229,3472.55346679688,2024-12-20,"Fri",0
"2024-12-21",3472.58911132812,3552.92163085938,3293.50561523438,3337.22241210938,31579389836,3337.22241210938,2024-12-21,"Sat",1
"2024-12-22",3336.99877929688,3398.65747070312,3219.294921875,3277.53515625,24780768375,3277.53515625,2024-12-22,"Sun",1
"2024-12-23",3277.51416015625,3461.52783203125,3217.36865234375,3415.78540039062,34496081389,3415.78540039062,2024-12-23,"Mon",0
"2024-12-24",3415.73803710938,3535.85766601562,3355.60913085938,3492.0498046875,23083678195,3492.0498046875,2024-12-24,"Tue",0
"2024-12-25",3491.95751953125,3542.83374023438,3440.09716796875,3493.2353515625,17651873225,3493.2353515625,2024-12-25,"Wed",0
"2024-12-26",3493.30419921875,3512.6044921875,3302.30639648438,3331.22583007812,22247726776,3331.22583007812,2024-12-26,"Thu",0
"2024-12-27",3331.0537109375,3436.71069335938,3302.57568359375,3328.9169921875,24091627403,3328.9169921875,2024-12-27,"Fri",0
"2024-12-28",3328.77465820312,3419.92016601562,3318.03393554688,3397.90234375,14305648523,3397.90234375,2024-12-28,"Sat",1
"2024-12-29",3397.86254882812,3406.6484375,3321.66479492188,3349.51342773438,13440907792,3349.51342773438,2024-12-29,"Sun",1
"2024-12-30",3349.5859375,3428.52734375,3298.80444335938,3356.392578125,26981583962,3356.392578125,2024-12-30,"Mon",0
"2024-12-31",3356.39477539062,3444.39672851562,3311.41259765625,3332.53173828125,20845452085,3332.53173828125,2024-12-31,"Tue",0
"2025-01-01",3332.40649414062,3366.53149414062,3310.255859375,3353.50415039062,14195410493,3353.50415039062,2025-01-01,"Wed",0
"2025-01-02",3353.412109375,3493.4482421875,3348.35205078125,3451.392578125,22243574698,3451.392578125,2025-01-02,"Thu",0
"2025-01-03",3451.68090820312,3627.0556640625,3421.83154296875,3605.009765625,21877299255,3605.009765625,2025-01-03,"Fri",0
"2025-01-04",3605.20068359375,3669.19677734375,3574.32690429688,3657.70678710938,16060610759,3657.70678710938,2025-01-04,"Sat",1
"2025-01-05",3657.7431640625,3673.81298828125,3594.61694335938,3634.10375976562,12830306908,3634.10375976562,2025-01-05,"Sun",1
"2025-01-06",3634.11376953125,3743.94165039062,3611.21435546875,3688.611328125,23973574043,3688.611328125,2025-01-06,"Mon",0
"2025-01-07",3688.34130859375,3701.10693359375,3358.08984375,3381.57739257812,32235312545,3381.57739257812,2025-01-07,"Tue",0
"2025-01-08",3381.61547851562,3413.68286132812,3209.21459960938,3326.32934570312,34337730882,3326.32934570312,2025-01-08,"Wed",0
"2025-01-09",3326.35961914062,3355.8623046875,3159.38403320312,3219.4306640625,28815726276,3219.4306640625,2025-01-09,"Thu",0
"2025-01-10",3219.49658203125,3320.50048828125,3196.1103515625,3267.48999023438,26503845190,3267.48999023438,2025-01-10,"Fri",0
"2025-01-11",3267.5224609375,3317.654296875,3219.69873046875,3282.2177734375,11772144561,3282.2177734375,2025-01-11,"Sat",1
"2025-01-12",3282.150390625,3298.01831054688,3224.51049804688,3265.951171875,11647743556,3265.951171875,2025-01-12,"Sun",1
"2025-01-13",3266.09545898438,3335.19360351562,2920.5927734375,3135.49975585938,39911742769,3135.49975585938,2025-01-13,"Mon",0
"2025-01-14",3135.67016601562,3254.75146484375,3126.80590820312,3223.6845703125,22847737224,3223.6845703125,2025-01-14,"Tue",0
"2025-01-15",3223.6845703125,3473.1015625,3186.13989257812,3450.53759765625,25991614661,3450.53759765625,2025-01-15,"Wed",0
"2025-01-16",3450.30517578125,3458.1806640625,3265.67578125,3308.34521484375,26395516475,3308.34521484375,2025-01-16,"Thu",0
"2025-01-17",3308.19116210938,3525.54345703125,3307.31103515625,3474.10717773438,28200207229,3474.10717773438,2025-01-17,"Fri",0
"2025-01-18",3473.56372070312,3493.06005859375,3228.33374023438,3305.78955078125,32420094038,3305.78955078125,2025-01-18,"Sat",1
"2025-01-19",3305.39794921875,3444.20654296875,3127.623046875,3208.96435546875,57242875399,3208.96435546875,2025-01-19,"Sun",1
"2025-01-20",3208.93383789062,3444.28271484375,3147.52294921875,3278.03540039062,52383187336,3278.03540039062,2025-01-20,"Mon",0
"2025-01-21",3278.43603515625,3365.77807617188,3202.49267578125,3327.40625,32804001146,3327.40625,2025-01-21,"Tue",0
"2025-01-22",3327.2373046875,3364.74609375,3223.38598632812,3240.224609375,22171220981,3240.224609375,2025-01-22,"Wed",0
"2025-01-23",3240.47534179688,3346.732421875,3184.06689453125,3334.71411132812,32419520084,3334.71411132812,2025-01-23,"Thu",0
"2025-01-24",3334.80834960938,3424.89990234375,3277.3232421875,3309.55493164062,25578325671,3309.55493164062,2025-01-24,"Fri",0
"2025-01-25",3309.71166992188,3349.29833984375,3270.27319335938,3317.26953125,13744316078,3317.26953125,2025-01-25,"Sat",1
"2025-01-26",3317.29150390625,3359.3125,3233.92211914062,3236.13427734375,14471528757,3236.13427734375,2025-01-26,"Sun",1
"2025-01-27",3235.85522460938,3250.396484375,3024.09155273438,3178.92041015625,39412486482,3178.92041015625,2025-01-27,"Mon",0
"2025-01-28",3179.0869140625,3222.7373046875,3040.09228515625,3077.11254882812,20718206194,3077.11254882812,2025-01-28,"Tue",0
"2025-01-29",3076.38012695312,3177.98046875,3055.181640625,3112.9990234375,22727786058,3112.9990234375,2025-01-29,"Wed",0
"2025-01-30",3113.28979492188,3282.986328125,3093.12377929688,3247.78002929688,19958405782,3247.78002929688,2025-01-30,"Thu",0
"2025-01-31",3247.8671875,3437.56909179688,3214.935546875,3298.26513671875,30128115902,3298.26513671875,2025-01-31,"Fri",0
"2025-02-01",3298.822265625,3329.6552734375,3103.9189453125,3118.32861328125,19917507079,3118.32861328125,2025-02-01,"Sat",1
"2025-02-02",3118.61157226562,3161.89428710938,2755.474609375,2868.69287109375,42060930305,2868.69287109375,2025-02-02,"Sun",1
"2025-02-03",2868.07861328125,2919.47729492188,2159.28051757812,2884.56665039062,92453553253,2884.56665039062,2025-02-03,"Mon",0
"2025-02-04",2883.818359375,2888.25,2636.16577148438,2735.05126953125,48795275985,2735.05126953125,2025-02-04,"Tue",0
"2025-02-05",2735.22583007812,2824.40014648438,2701.10498046875,2787.77905273438,31960764447,2787.77905273438,2025-02-05,"Wed",0
"2025-02-06",2787.65869140625,2857.14208984375,2662.44580078125,2688.40087890625,29500645692,2688.40087890625,2025-02-06,"Thu",0
"2025-02-07",2688.8974609375,2798.02880859375,2564.96826171875,2622.21118164062,29526663418,2622.21118164062,2025-02-07,"Fri",0
"2025-02-08",2623.001953125,2665.48461914062,2591.77856445312,2632.30834960938,17059263074,2632.30834960938,2025-02-08,"Sat",1
"2025-02-09",2632.578125,2695.22241210938,2530.43579101562,2628.72119140625,17517088276,2628.72119140625,2025-02-09,"Sun",1
"2025-02-10",2628.65014648438,2692.80859375,2564.0185546875,2661.16674804688,19414208113,2661.16674804688,2025-02-10,"Mon",0
"2025-02-11",2661.31567382812,2724.90234375,2565.39721679688,2602.78198242188,21156550492,2602.78198242188,2025-02-11,"Tue",0
"2025-02-12",2602.828125,2794.86743164062,2551.17456054688,2736.90209960938,26919387954,2736.90209960938,2025-02-12,"Wed",0
"2025-02-13",2737.02856445312,2756.443359375,2615.66772460938,2675.90258789062,19481004625,2675.90258789062,2025-02-13,"Thu",0
"2025-02-14",2675.939453125,2790.02368164062,2666.26806640625,2726.09155273438,17732289901,2726.09155273438,2025-02-14,"Fri",0
"2025-02-15",2726.07470703125,2738.68115234375,2668.53173828125,2693.55981445312,10803019357,2693.55981445312,2025-02-15,"Sat",1
"2025-02-16",2693.5625,2724.09643554688,2655.29760742188,2663.31591796875,10593602117,2663.31591796875,2025-02-16,"Sun",1
"2025-02-17",2663.2294921875,2848.7841796875,2640.18212890625,2743.19970703125,24170425078,2743.19970703125,2025-02-17,"Mon",0
"2025-02-18",2743.02294921875,2754.6767578125,2606.900390625,2669.3388671875,23004152928,2669.3388671875,2025-02-18,"Tue",0
"2025-02-19",2669.21337890625,2735.91772460938,2656.37573242188,2715.77099609375,15272401903,2715.77099609375,2025-02-19,"Wed",0
"2025-02-20",2715.6826171875,2770.03051757812,2708.21606445312,2740.38647460938,15917259320,2740.38647460938,2025-02-20,"Thu",0
"2025-02-21",2740.02221679688,2842.8271484375,2616.91943359375,2659.65551757812,31441524621,2659.65551757812,2025-02-21,"Fri",0
"2025-02-22",2660.03588867188,2797.05786132812,2653.86743164062,2764.029296875,16403164397,2764.029296875,2025-02-22,"Sat",1
"2025-02-23",2764.03100585938,2850.6103515625,2746.77368164062,2821.31030273438,20493767269,2821.31030273438,2025-02-23,"Sun",1
"2025-02-24",2820.45629882812,2839.01000976562,2478.8994140625,2513.8212890625,29127380459,2513.8212890625,2025-02-24,"Mon",0
"2025-02-25",2514.2109375,2529.66918945312,2326.63208007812,2493.59252929688,40044790246,2493.59252929688,2025-02-25,"Tue",0
"2025-02-26",2493.38159179688,2503.42211914062,2255.05493164062,2331.45263671875,28815111323,2331.45263671875,2025-02-26,"Wed",0
"2025-02-27",2331.51025390625,2378.08740234375,2230.4482421875,2305.484375,24286213447,2305.484375,2025-02-27,"Thu",0
"2025-02-28",2305.56005859375,2310.94921875,2076.169921875,2237.9052734375,35737904667,2237.9052734375,2025-02-28,"Fri",0
"2025-03-01",2237.94213867188,2279.873046875,2144.09008789062,2216.64331054688,16135258239,2216.64331054688,2025-03-01,"Sat",1
"2025-03-02",2216.52172851562,2548.81176757812,2175.32153320312,2519.69458007812,34854193845,2519.69458007812,2025-03-02,"Sun",1
"2025-03-03",2519.53100585938,2522.31665039062,2097.076171875,2145.57397460938,31473561910,2145.57397460938,2025-03-03,"Mon",0
"2025-03-04",2145.65283203125,2220.35864257812,1996.767578125,2170.01513671875,33935738380,2170.01513671875,2025-03-04,"Tue",0
"2025-03-05",2169.98681640625,2272.79736328125,2156.09936523438,2241.97729492188,22105432727,2241.97729492188,2025-03-05,"Wed",0
"2025-03-06",2241.90649414062,2319.39624023438,2177.67700195312,2202.47680664062,18509069102,2202.47680664062,2025-03-06,"Thu",0
"2025-03-07",2202.49829101562,2254.232421875,2103.47265625,2138.98754882812,22425792863,2138.98754882812,2025-03-07,"Fri",0
"2025-03-08",2139.7978515625,2232.3271484375,2107.72802734375,2201.51025390625,10533204814,2201.51025390625,2025-03-08,"Sat",1
"2025-03-09",2201.70874023438,2210.31372070312,1991.19348144531,2015.50915527344,16103964994,2015.50915527344,2025-03-09,"Sun",1
"2025-03-10",2015.43041992188,2150.70629882812,1812.76684570312,1861.1513671875,35005066442,1861.1513671875,2025-03-10,"Mon",0
"2025-03-11",1859.77770996094,1961.79772949219,1760.94177246094,1919.84497070312,30898385863,1919.84497070312,2025-03-11,"Tue",0
"2025-03-12",1919.66479492188,1954.57116699219,1832.01904296875,1908.98266601562,22898872951,1908.98266601562,2025-03-12,"Wed",0
"2025-03-13",1909.01538085938,1919.68823242188,1823.525390625,1862.96960449219,17977225564,1862.96960449219,2025-03-13,"Thu",0
"2025-03-14",1862.99792480469,1945.09143066406,1861.10595703125,1909.46752929688,12122715282,1909.46752929688,2025-03-14,"Fri",0
"2025-03-15",1909.52807617188,1955.23840332031,1904.96569824219,1937.39465332031,6456484591,1937.39465332031,2025-03-15,"Sat",1
"2025-03-16",1937.384765625,1940.47436523438,1863.48901367188,1887.43505859375,9292997638,1887.43505859375,2025-03-16,"Sun",1
"2025-03-17",1887.44921875,1951.6259765625,1880.484375,1927.0029296875,10436892087,1927.0029296875,2025-03-17,"Mon",0
"2025-03-18",1927.00573730469,1935.18200683594,1872.50891113281,1932.54345703125,10170844746,1932.54345703125,2025-03-18,"Tue",0
"2025-03-19",1932.54455566406,2068.76440429688,1928.24951171875,2057.7490234375,20065206266,2057.7490234375,2025-03-19,"Wed",0
"2025-03-20",2057.951171875,2067.48364257812,1952.24328613281,1982.09985351562,13217865782,1982.09985351562,2025-03-20,"Thu",0
"2025-03-21",1981.85302734375,1994.89147949219,1937.21154785156,1964.84753417969,9708125480,1964.84753417969,2025-03-21,"Fri",0
"2025-03-22",1964.9404296875,2005.04113769531,1964.27099609375,1980.03784179688,6117036512,1980.03784179688,2025-03-22,"Sat",1
"2025-03-23",1979.98364257812,2019.88940429688,1977.70935058594,2005.29919433594,7522339707,2005.29919433594,2025-03-23,"Sun",1
"2025-03-24",2005.71838378906,2101.9833984375,1978.76379394531,2077.47900390625,14044912402,2077.47900390625,2025-03-24,"Mon",0
"2025-03-25",2078.56811523438,2096.51831054688,2038.64453125,2067.76416015625,11735658914,2067.76416015625,2025-03-25,"Tue",0
"2025-03-26",2067.5087890625,2078.369140625,1982.41235351562,2009.18933105469,13178523590,2009.18933105469,2025-03-26,"Wed",0
"2025-03-27",2008.94055175781,2037.39611816406,1987.7177734375,2002.357421875,11593274543,2002.357421875,2025-03-27,"Thu",0
"2025-03-28",2002.41052246094,2015.45434570312,1863.01062011719,1895.5029296875,18160526498,1895.5029296875,2025-03-28,"Fri",0
"2025-03-29",1895.54968261719,1911.90087890625,1799.20080566406,1827.3203125,12194771785,1827.3203125,2025-03-29,"Sat",1
"2025-03-30",1827.31103515625,1847.57055664062,1769.41271972656,1806.21862792969,9854857162,1806.21862792969,2025-03-30,"Sun",1
"2025-03-31",1806.31652832031,1852.55139160156,1778.69226074219,1823.47998046875,15765030938,1823.47998046875,2025-03-31,"Mon",0
"2025-04-01",1823.56237792969,1926.30297851562,1820.35034179688,1905.49145507812,15001220420,1905.49145507812,2025-04-01,"Tue",0
"2025-04-02",1905.48461914062,1951.18029785156,1782.76025390625,1795.31323242188,22593742104,1795.31323242188,2025-04-02,"Wed",0
"2025-04-03",1794.97607421875,1844.07104492188,1751.380859375,1815.63720703125,16450974373,1815.63720703125,2025-04-03,"Thu",0
"2025-04-04",1815.60986328125,1833.95678710938,1760.58862304688,1815.33520507812,18061720814,1815.33520507812,2025-04-04,"Fri",0
"2025-04-05",1815.34497070312,1826.29858398438,1767.51354980469,1805.97326660156,6374712479,1805.97326660156,2025-04-05,"Sat",1
"2025-04-06",1805.96301269531,1815.57482910156,1539.43798828125,1576.72802734375,22154445576,1576.72802734375,2025-04-06,"Sun",1
"2025-04-07",1576.94982910156,1634.04113769531,1415.37353515625,1555.24096679688,46073959047,1555.24096679688,2025-04-07,"Mon",0
"2025-04-08",1554.93212890625,1617.33984375,1447.61010742188,1472.55310058594,21315312919,1472.55310058594,2025-04-08,"Tue",0
"2025-04-09",1472.60144042969,1687.18798828125,1386.79931640625,1668.0400390625,39252195855,1668.0400390625,2025-04-09,"Wed",0
"2025-04-10",1668.20178222656,1669.39416503906,1474.91418457031,1522.51879882812,21379604307,1522.51879882812,2025-04-10,"Thu",0
"2025-04-11",1522.47302246094,1587.53857421875,1505.001953125,1567.14978027344,14871838813,1567.14978027344,2025-04-11,"Fri",0
"2025-04-12",1567.15576171875,1666.017578125,1546.81958007812,1643.52856445312,12110995013,1643.52856445312,2025-04-12,"Sat",1
"2025-04-13",1643.50109863281,1648.28674316406,1564.8388671875,1596.68579101562,13909890792,1596.68579101562,2025-04-13,"Sun",1
"2025-04-14",1596.8818359375,1689.85754394531,1596.08654785156,1622.76989746094,16518325094,1622.76989746094,2025-04-14,"Mon",0
"2025-04-15",1622.77185058594,1659.83618164062,1585.22912597656,1588.63244628906,13175452875,1588.63244628906,2025-04-15,"Tue",0
"2025-04-16",1589.03100585938,1610.78210449219,1540.03381347656,1578.10534667969,15339621551,1578.10534667969,2025-04-16,"Wed",0
"2025-04-17",1578.01416015625,1615.30688476562,1564.19567871094,1582.54833984375,11312160796,1582.54833984375,2025-04-17,"Thu",0
"2025-04-18",1582.39721679688,1599.41687011719,1573.90393066406,1588.92468261719,7123507323,1588.92468261719,2025-04-18,"Fri",0
"2025-04-19",1588.9697265625,1629.05151367188,1585.47302246094,1612.9228515625,7168138700,1612.9228515625,2025-04-19,"Sat",1
"2025-04-20",1612.96606445312,1618.43676757812,1566.69152832031,1587.51428222656,7642784469,1587.51428222656,2025-04-20,"Sun",1
"2025-04-21",1587.4609375,1656.11962890625,1566.1474609375,1579.73449707031,15403785611,1579.73449707031,2025-04-21,"Mon",0
"2025-04-22",1579.81518554688,1773.63916015625,1542.00036621094,1757.33166503906,23747917555,1757.33166503906,2025-04-22,"Tue",0
"2025-04-23",1757.19653320312,1829.7099609375,1746.92407226562,1796.10424804688,22904644756,1796.10424804688,2025-04-23,"Wed",0
"2025-04-24",1795.9794921875,1801.69140625,1724.74072265625,1769.83166503906,15207402759,1769.83166503906,2025-04-24,"Thu",0
"2025-04-25",1770.00366210938,1826.69604492188,1740.33190917969,1786.63452148438,17459399281,1786.63452148438,2025-04-25,"Fri",0
"2025-04-26",1786.53295898438,1839.36303710938,1781.47387695312,1821.88110351562,11926379867,1821.88110351562,2025-04-26,"Sat",1
"2025-04-27",1822.17553710938,1856.44384765625,1785.90209960938,1792.86499023438,11321944113,1792.86499023438,2025-04-27,"Sun",1
"2025-04-28",1792.44616699219,1827.48229980469,1747.72680664062,1798.85180664062,17043640437,1798.85180664062,2025-04-28,"Mon",0
"2025-04-29",1798.91223144531,1842.03308105469,1782.28125,1799.17565917969,14734257744,1799.17565917969,2025-04-29,"Tue",0
"2025-04-30",1799.20910644531,1816.68994140625,1736.14294433594,1793.775390625,14810431362,1793.775390625,2025-04-30,"Wed",0
"2025-05-01",1794.041015625,1872.93957519531,1793.15112304688,1839.22155761719,15861442721,1839.22155761719,2025-05-01,"Thu",0
"2025-05-02",1839.1748046875,1869.53002929688,1814.73046875,1842.70788574219,13570171872,1842.70788574219,2025-05-02,"Fri",0
"2025-05-03",1842.71813964844,1848.24682617188,1812.81567382812,1833.83972167969,8344452620,1833.83972167969,2025-05-03,"Sat",1
"2025-05-04",1833.64721679688,1849.99853515625,1804.4951171875,1808.59423828125,8918979887,1808.59423828125,2025-05-04,"Sun",1
"2025-05-05",1808.70495605469,1832.05078125,1783.31481933594,1819.69750976562,11389336489,1819.69750976562,2025-05-05,"Mon",0
"2025-05-06",1819.73400878906,1820.79663085938,1753.3154296875,1815.08752441406,13206516310,1815.08752441406,2025-05-06,"Tue",0
"2025-05-07",1815.01892089844,1849.65844726562,1788.68737792969,1811.60668945312,50540755039,1811.60668945312,2025-05-07,"Wed",0
"2025-05-08",1811.54638671875,2222.20556640625,1809.45690917969,2206.5146484375,37777245241,2206.5146484375,2025-05-08,"Thu",0
"2025-05-09",2206.12817382812,2486.0068359375,2186.05444335938,2345.50732421875,43766026875,2345.50732421875,2025-05-09,"Fri",0
"2025-05-10",2345.76049804688,2597.54345703125,2320.23510742188,2582.42260742188,30265913403,2582.42260742188,2025-05-10,"Sat",1
"2025-05-11",2582.71044921875,2603.26440429688,2441.73071289062,2510.23779296875,26496368543,2510.23779296875,2025-05-11,"Sun",1
"2025-05-12",2510.28930664062,2620.89721679688,2411.59448242188,2496.39770507812,32121858921,2496.39770507812,2025-05-12,"Mon",0
"2025-05-13",2496.33740234375,2736.89013671875,2418.32568359375,2680.12963867188,33528741590,2680.12963867188,2025-05-13,"Tue",0
"2025-05-14",2680.26220703125,2721.94995117188,2549.68505859375,2610.06323242188,26602676588,2610.06323242188,2025-05-14,"Wed",0
"2025-05-15",2610.02783203125,2645.07421875,2482.212890625,2546.85693359375,26637688883,2546.85693359375,2025-05-15,"Thu",0
"2025-05-16",2547.05834960938,2645.60791015625,2532.02709960938,2536.29760742188,21298907763,2536.29760742188,2025-05-16,"Fri",0
"2025-05-17",2536.29760742188,2537.78173828125,2449.0693359375,2475.75439453125,18830706230,2475.75439453125,2025-05-17,"Sat",1
"2025-05-18",2475.76953125,2585.69702148438,2344.66821289062,2498.23364257812,25005164865,2498.23364257812,2025-05-18,"Sun",1
"2025-05-19",2498.80004882812,2545.46118164062,2353.42700195312,2529.16674804688,27351331811,2529.16674804688,2025-05-19,"Mon",0
"2025-05-20",2529.13500976562,2585.61987304688,2446.44677734375,2524.17309570312,23453322578,2524.17309570312,2025-05-20,"Tue",0
"2025-05-21",2524.1591796875,2614.06079101562,2454.53784179688,2552.34716796875,31952904125,2552.34716796875,2025-05-21,"Wed",0
"2025-05-22",2552.76684570312,2691.10229492188,2546.43481445312,2664.15698242188,26596978352,2664.15698242188,2025-05-22,"Thu",0
"2025-05-23",2664.08203125,2731.220703125,2504.87353515625,2526.44189453125,30536501878,2526.44189453125,2025-05-23,"Fri",0
"2025-05-24",2526.38793945312,2575.13134765625,2516.01806640625,2530.64624023438,11380899856,2530.64624023438,2025-05-24,"Sat",1
"2025-05-25",2530.89013671875,2553.869140625,2467.88012695312,2551.76391601562,14556431364,2551.76391601562,2025-05-25,"Sun",1
"2025-05-26",2551.380859375,2598.56665039062,2530.32153320312,2564.13842773438,14936610009,2564.13842773438,2025-05-26,"Mon",0
"2025-05-27",2564.14086914062,2712.28515625,2512.58862304688,2663.06982421875,26264200536,2663.06982421875,2025-05-27,"Tue",0
"2025-05-28",2663.01025390625,2688.7421875,2611.16088867188,2682.212890625,19087366068,2682.212890625,2025-05-28,"Wed",0
"2025-05-29",2681.84326171875,2784.75244140625,2620.98266601562,2632.65478515625,27567479811,2632.65478515625,2025-05-29,"Thu",0
"2025-05-30",2632.8359375,2648.2607421875,2510.16381835938,2529.94360351562,24599403943,2529.94360351562,2025-05-30,"Fri",0
"2025-05-31",2529.833984375,2550.48364257812,2484.21557617188,2529.08740234375,13992843765,2529.08740234375,2025-05-31,"Sat",1
"2025-06-01",2529.0966796875,2547.77294921875,2472.54077148438,2536.26635742188,13287852482,2536.26635742188,2025-06-01,"Sun",1
"2025-06-02",2536.18481445312,2615.515625,2477.29272460938,2607.09741210938,16744168824,2607.09741210938,2025-06-02,"Mon",0
"2025-06-03",2607.19750976562,2652.41870117188,2582.25048828125,2593.2802734375,18291179016,2593.2802734375,2025-06-03,"Tue",0
"2025-06-04",2593.48266601562,2677.97045898438,2585.73779296875,2608.64306640625,18621211035,2608.64306640625,2025-06-04,"Wed",0
"2025-06-05",2608.60717773438,2640.60400390625,2395.75366210938,2416.28564453125,26194462737,2416.28564453125,2025-06-05,"Thu",0
"2025-06-06",2416.455078125,2530.39184570312,2387.60864257812,2477.19482421875,19407449565,2477.19482421875,2025-06-06,"Fri",0
"2025-06-07",2477.18334960938,2543.048828125,2459.13720703125,2526.50537109375,11664303387,2526.50537109375,2025-06-07,"Sat",1
"2025-06-08",2526.193359375,2547.46704101562,2493.92016601562,2510.787109375,12097170203,2510.787109375,2025-06-08,"Sun",1
"2025-06-09",2510.83813476562,2693.806640625,2479.86791992188,2681.51708984375,20605172560,2681.51708984375,2025-06-09,"Mon",0
"2025-06-10",2681.28540039062,2824.80810546875,2658.67724609375,2813.517578125,35555755055,2813.517578125,2025-06-10,"Tue",0
"2025-06-11",2813.73974609375,2877.62939453125,2746.4599609375,2773.529296875,30705408054,2773.529296875,2025-06-11,"Wed",0
"2025-06-12",2773.59790039062,2784.2626953125,2619.96655273438,2651.79516601562,25924959613,2651.79516601562,2025-06-12,"Thu",0
"2025-06-13",2651.91552734375,2651.91552734375,2443.96264648438,2579.48608398438,37986747138,2579.48608398438,2025-06-13,"Fri",0
"2025-06-14",2579.72143554688,2580.158203125,2491.49072265625,2533.44409179688,14285000473,2533.44409179688,2025-06-14,"Sat",1
"2025-06-15",2533.18334960938,2558.677734375,2493.20458984375,2546.83715820312,13961893828,2546.83715820312,2025-06-15,"Sun",1
"2025-06-16",2547.22680664062,2680.08764648438,2517.14526367188,2540.60498046875,22792449577,2540.60498046875,2025-06-16,"Mon",0
"2025-06-17",2540.314453125,2617.9013671875,2456.64892578125,2510.76147460938,25653232897,2510.76147460938,2025-06-17,"Tue",0
"2025-06-18",2510.81689453125,2546.62744140625,2469.05029296875,2524.30151367188,19873957905,2524.30151367188,2025-06-18,"Wed",0
"2025-06-19",2524.40405273438,2546.76953125,2486.10180664062,2521.65356445312,12782730709,2521.65356445312,2025-06-19,"Thu",0
"2025-06-20",2521.5263671875,2569.0146484375,2371.47436523438,2407.30419921875,22592586688,2407.30419921875,2025-06-20,"Fri",0
"2025-06-21",2407.34765625,2448.41162109375,2222.8125,2300.49560546875,16108791762,2300.49560546875,2025-06-21,"Sat",1
"2025-06-22",2298.8427734375,2313.85302734375,2116.68139648438,2228.21313476562,28458151601,2228.21313476562,2025-06-22,"Sun",1
"2025-06-23",2228.48461914062,2434.23974609375,2191.41821289062,2421.82495117188,26247439429,2421.82495117188,2025-06-23,"Mon",0
"2025-06-24",2421.83056640625,2481.22290039062,2379.5693359375,2448.0087890625,19539047009,2448.0087890625,2025-06-24,"Tue",0
"2025-06-25",2448.7373046875,2468.67797851562,2394.607421875,2419.31030273438,17158118625,2419.31030273438,2025-06-25,"Wed",0
"2025-06-26",2419.15478515625,2519.61987304688,2399.53393554688,2416.14672851562,18300413888,2416.14672851562,2025-06-26,"Thu",0
"2025-06-27",2416.02319335938,2463.15478515625,2386.32495117188,2423.86694335938,15309834970,2423.86694335938,2025-06-27,"Fri",0
"2025-06-28",2423.92529296875,2448.19165039062,2407.76171875,2437.109375,8273074809,2437.109375,2025-06-28,"Sat",1
"2025-06-29",2437.11474609375,2523.32055664062,2417.62524414062,2500.9599609375,12500580479,2500.9599609375,2025-06-29,"Sun",1
"2025-06-30",2500.60546875,2521.72045898438,2438.05493164062,2486.46435546875,16859727663,2486.46435546875,2025-06-30,"Mon",0
"2025-07-01",2486.42846679688,2500.591796875,2389.81591796875,2405.79272460938,15025451796,2405.79272460938,2025-07-01,"Tue",0
"2025-07-02",2405.857421875,2616.78369140625,2378.3935546875,2571.33544921875,22792512025,2571.33544921875,2025-07-02,"Wed",0
"2025-07-03",2570.79663085938,2635.19213867188,2558.58251953125,2591.00732421875,20873559425,2591.00732421875,2025-07-03,"Thu",0
"2025-07-04",2590.845703125,2601.11962890625,2475.7548828125,2508.51831054688,17222740209,2508.51831054688,2025-07-04,"Fri",0
"2025-07-05",2508.09594726562,2529.84228515625,2489.00244140625,2517.28002929688,9289382302,2517.28002929688,2025-07-05,"Sat",1
"2025-07-06",2517.28002929688,2603.06469726562,2505.37084960938,2571.23657226562,13190436110,2571.23657226562,2025-07-06,"Sun",1
"2025-07-07",2571.39526367188,2589.32495117188,2517.90356445312,2543.01318359375,18440266947,2543.01318359375,2025-07-07,"Mon",0
"2025-07-08",2542.97265625,2626.66455078125,2525.43774414062,2615.505859375,17537487206,2615.505859375,2025-07-08,"Tue",0
"2025-07-09",2615.505859375,2794.5185546875,2591.94702148438,2770.77758789062,27229452849,2770.77758789062,2025-07-09,"Wed",0
"2025-07-10",2770.7373046875,2995.15209960938,2757.2666015625,2954.84521484375,33929201261,2954.84521484375,2025-07-10,"Thu",0
"2025-07-11",2954.83276367188,3038.14111328125,2916.95654296875,2957.88623046875,36226558863,2957.88623046875,2025-07-11,"Fri",0
"2025-07-12",2958.33374023438,2979.78002929688,2907.19360351562,2942.91162109375,16317198254,2942.91162109375,2025-07-12,"Sat",1
"2025-07-13",2942.853515625,3016.3935546875,2938.73657226562,2973.35888671875,17361753131,2973.35888671875,2025-07-13,"Sun",1
"2025-07-14",2973.22509765625,3079.98559570312,2965.32373046875,3013.35083007812,36349290556,3013.35083007812,2025-07-14,"Mon",0
"2025-07-15",3013.29345703125,3142.42724609375,2934.37133789062,3139.8896484375,39013656112,3139.8896484375,2025-07-15,"Tue",0
"2025-07-16",3139.8896484375,3422.60302734375,3102.47778320312,3371.5068359375,46771354461,3371.5068359375,2025-07-16,"Wed",0
"2025-07-17",3371.5068359375,3521.68530273438,3315.9990234375,3476.78442382812,47532846793,3476.78442382812,2025-07-17,"Thu",0
"2025-07-18",3476.1240234375,3674.85522460938,3463.38623046875,3549.01635742188,59198465810,3549.01635742188,2025-07-18,"Fri",0
"2025-07-19",3548.92602539062,3608.27563476562,3512.97314453125,3595.27368164062,26031719746,3595.27368164062,2025-07-19,"Sat",1
"2025-07-20",3595.24047851562,3819.39868164062,3582.349609375,3759.47143554688,44600451066,3759.47143554688,2025-07-20,"Sun",1
"2025-07-21",3758.92065429688,3856.76708984375,3705.35375976562,3763.37133789062,42611467663,3763.37133789062,2025-07-21,"Mon",0
"2025-07-22",3762.88208007812,3798.10034179688,3624.14038085938,3749.1455078125,45248868820,3749.1455078125,2025-07-22,"Tue",0
"2025-07-23",3749.23852539062,3765.0263671875,3532.8564453125,3629.70361328125,41283228953,3629.70361328125,2025-07-23,"Wed",0
"2025-07-24",3629.73168945312,3771.38159179688,3514.99926757812,3708.00561523438,40377960354,3708.00561523438,2025-07-24,"Thu",0
"2025-07-25",3708.00561523438,3744.82006835938,3579.962890625,3727.26684570312,42264509577,3727.26684570312,2025-07-25,"Fri",0
"2025-07-26",3727.2373046875,3789.78979492188,3702.77416992188,3741.39599609375,24635287361,3741.39599609375,2025-07-26,"Sat",1
"2025-07-27",3741.25732421875,3876.93359375,3733.681640625,3875.24658203125,28897450394,3875.24658203125,2025-07-27,"Sun",1
"2025-07-28",3875.255859375,3940.65209960938,3756.51586914062,3787.42578125,35831336149,3787.42578125,2025-07-28,"Mon",0
"2025-07-29",3788.31958007812,3883.99780273438,3716.88330078125,3793.45483398438,35540435995,3793.45483398438,2025-07-29,"Tue",0
"2025-07-30",3793.58251953125,3832.88403320312,3683.14453125,3808.20166015625,34392494235,3808.20166015625,2025-07-30,"Wed",0
"2025-07-31",3808.24609375,3877.47021484375,3685.00415039062,3696.70776367188,32839839444,3696.70776367188,2025-07-31,"Thu",0
"2025-08-01",3696.14428710938,3722.58569335938,3432.3798828125,3488.36596679688,46261558200,3488.36596679688,2025-08-01,"Fri",0
"2025-08-02",3487.95678710938,3535.55883789062,3370.94311523438,3392.7412109375,30165065282,3392.7412109375,2025-08-02,"Sat",1
"2025-08-03",3392.74438476562,3520.83129882812,3357.93896484375,3497.37915039062,19363593865,3497.37915039062,2025-08-03,"Sun",1
"2025-08-04",3497.61303710938,3734.9775390625,3491.55493164062,3718.98608398438,30905749658,3718.98608398438,2025-08-04,"Mon",0
"2025-08-05",3719.81787109375,3720.65649414062,3547.62109375,3611.8994140625,32778742296,3611.8994140625,2025-08-05,"Tue",0
"2025-08-06",3612.03881835938,3698.12475585938,3567.09594726562,3683.92065429688,26924415763,3683.92065429688,2025-08-06,"Wed",0
"2025-08-07",3684.06201171875,3926.20434570312,3650.36596679688,3914.32592773438,38627826066,3914.32592773438,2025-08-07,"Thu",0
"2025-08-08",3914.11059570312,4068.84765625,3882.44311523438,4009.84887695312,45460293892,4009.84887695312,2025-08-08,"Fri",0
"2025-08-09",4009.15063476562,4323.76123046875,4007.70922851562,4263.59912109375,45279715746,4263.59912109375,2025-08-09,"Sat",1
"2025-08-10",4263.552734375,4332.21044921875,4163.9404296875,4254.2177734375,36173931367,4254.2177734375,2025-08-10,"Sun",1
"2025-08-11",4254.2314453125,4362.0927734375,4168.875,4226.966796875,49989853803,4226.966796875,2025-08-11,"Mon",0
"2025-08-12",4227.20703125,4634.05517578125,4222.3623046875,4590.9248046875,57237189036,4590.9248046875,2025-08-12,"Tue",0
"2025-08-13",4590.65771484375,4784.6689453125,4566.23876953125,4756.27587890625,62550014642,4756.27587890625,2025-08-13,"Wed",0
"2025-08-14",4756.04345703125,4788.5517578125,4461.28173828125,4548.16650390625,75681632806,4548.16650390625,2025-08-14,"Thu",0
"2025-08-15",4549.07568359375,4667.72998046875,4375.54541015625,4439.98876953125,55445715824,4439.98876953125,2025-08-15,"Fri",0
"2025-08-16",4439.998046875,4493.1494140625,4379.16455078125,4426.18017578125,26816931514,4426.18017578125,2025-08-16,"Sat",1
"2025-08-17",4426.259765625,4575.87646484375,4400.71337890625,4473.271484375,31348101438,4473.271484375,2025-08-17,"Sun",1
"2025-08-18",4473.33056640625,4484.009765625,4229.3798828125,4312.5048828125,53518423360,4312.5048828125,2025-08-18,"Mon",0
"2025-08-19",4312.5302734375,4355.0751953125,4070.53540039062,4073.46411132812,50440367102,4073.46411132812,2025-08-19,"Tue",0
"2025-08-20",4073.16821289062,4376.78955078125,4064.96508789062,4334.50048828125,49577862965,4334.50048828125,2025-08-20,"Wed",0
"2025-08-21",4334.5673828125,4338.826171875,4205.77685546875,4223.2099609375,33618359942,4223.2099609375,2025-08-21,"Thu",0
"2025-08-22",4223.73095703125,4884.22802734375,4209.47216796875,4831.3486328125,75965521535,4831.3486328125,2025-08-22,"Fri",0
"2025-08-23",4831.08837890625,4831.61083984375,4669.72509765625,4776.09033203125,36503623278,4776.09033203125,2025-08-23,"Sat",1
"2025-08-24",4776.70458984375,4953.73291015625,4714.47265625,4779.6474609375,52405003873,4779.6474609375,2025-08-24,"Sun",1
"2025-08-25",4779.76953125,4796.35009765625,4343.947265625,4372.98779296875,63936163545,4372.98779296875,2025-08-25,"Mon",0
"2025-08-26",4372.88037109375,4632.0732421875,4316.30078125,4600.4267578125,53829747706,4600.4267578125,2025-08-26,"Tue",0
"2025-08-27",4600.51025390625,4659.9873046875,4489.2978515625,4503.39306640625,43509902322,4503.39306640625,2025-08-27,"Wed",0
"2025-08-28",4503.63134765625,4629.03125,4435.109375,4507.177734375,36045274078,4507.177734375,2025-08-28,"Thu",0
"2025-08-29",4507.63134765625,4513.859375,4272.45947265625,4360.15283203125,46899991962,4360.15283203125,2025-08-29,"Fri",0
"2025-08-30",4360.0888671875,4413.27490234375,4264.1953125,4374.1533203125,25883112278,4374.1533203125,2025-08-30,"Sat",1
"2025-08-31",4374.8935546875,4497.1767578125,4373.5966796875,4390.01904296875,26683044984,4390.01904296875,2025-08-31,"Sun",1
"2025-09-01",4389.6259765625,4490.3466796875,4221.24755859375,4314.47021484375,37530746508,4314.47021484375,2025-09-01,"Mon",0
"2025-09-02",4314.39111328125,4414.93408203125,4260.45947265625,4325.36572265625,39884692334,4325.36572265625,2025-09-02,"Tue",0
"2025-09-03",4324.6962890625,4489.19873046875,4286.2060546875,4450.38916015625,35260873497,4450.38916015625,2025-09-03,"Wed",0
"2025-09-04",4450.2158203125,4483.451171875,4268.5888671875,4298.744140625,34919798552,4298.744140625,2025-09-04,"Thu",0
"2025-09-05",4298.8369140625,4484.361328125,4258.0498046875,4306.98876953125,44163736676,4306.98876953125,2025-09-05,"Fri",0
"2025-09-06",4306.97314453125,4327.43994140625,4244.7548828125,4274.2421875,18108246446,4274.2421875,2025-09-06,"Sat",1
"2025-09-07",4274.1669921875,4334.2744140625,4271.5341796875,4305.34765625,17426783536,4305.34765625,2025-09-07,"Sun",1
"2025-09-08",4305.38134765625,4381.27490234375,4279.97216796875,4308.072265625,32277142378,4308.072265625,2025-09-08,"Mon",0
"2025-09-09",4308.283203125,4381.2265625,4277.85302734375,4309.04150390625,30703320925,4309.04150390625,2025-09-09,"Tue",0
"2025-09-10",4309.091796875,4450.41796875,4286.0625,4349.14599609375,39521365146,4349.14599609375,2025-09-10,"Wed",0
"2025-09-11",4349.2001953125,4471.69873046875,4339.716796875,4461.2333984375,35959212991,4461.2333984375,2025-09-11,"Thu",0
"2025-09-12",4461.4794921875,4734.27392578125,4453.28466796875,4715.24609375,43839753626,4715.24609375,2025-09-12,"Fri",0
"2025-09-13",4714.70361328125,4763.361328125,4609.12548828125,4668.1796875,34843845977,4668.1796875,2025-09-13,"Sat",1
"2025-09-14",4668.17138671875,4690.64208984375,4581.84716796875,4609.59765625,28394160275,4609.59765625,2025-09-14,"Sun",1
"2025-09-15",4609.72314453125,4670.5302734375,4469.861328125,4526.8203125,40224062009,4526.8203125,2025-09-15,"Mon",0
"2025-09-16",4526.078125,4537.599609375,4428.330078125,4503.564453125,32761501436,4503.564453125,2025-09-16,"Tue",0
"2025-09-17",4503.6357421875,4617.23486328125,4429.64453125,4592.7333984375,44120899417,4592.7333984375,2025-09-17,"Wed",0
"2025-09-18",4592.44287109375,4643.97265625,4556.27001953125,4589.9189453125,33497259158,4589.9189453125,2025-09-18,"Thu",0
"2025-09-19",4589.505859375,4620.79296875,4443.2646484375,4470.9169921875,30352619653,4470.9169921875,2025-09-19,"Fri",0
"2025-09-20",4470.978515625,4509.81201171875,4459.1591796875,4482.265625,18056494322,4482.265625,2025-09-20,"Sat",1
"2025-09-21",4482.583984375,4499.38916015625,4447.119140625,4451.3291015625,19330306133,4451.3291015625,2025-09-21,"Sun",1
"2025-09-22",4451.58056640625,4457.08251953125,4092.39672851562,4202.87744140625,58221334533,4202.87744140625,2025-09-22,"Mon",0
"2025-09-23",4203.021484375,4227.7314453125,4120.8154296875,4165.50390625,32460075911,4165.50390625,2025-09-23,"Tue",0
"2025-09-24",4165.41259765625,4206.90185546875,4081.34765625,4153.46923828125,33538388785,4153.46923828125,2025-09-24,"Wed",0
"2025-09-25",4153.52099609375,4162.0625,3829.0107421875,3868.333984375,68963092031,3868.333984375,2025-09-25,"Thu",0
"2025-09-26",3868.69091796875,4069.16870117188,3868.43359375,4035.88793945312,47873508328,4035.88793945312,2025-09-26,"Fri",0
"2025-09-27",4035.91455078125,4038.45166015625,3975.75805664062,4018.658203125,20382555776,4018.658203125,2025-09-27,"Sat",1
"2025-09-28",4018.65966796875,4143.00390625,3969.79296875,4141.4765625,24631307054,4141.4765625,2025-09-28,"Sun",1
"2025-09-29",4141.3564453125,4234.78271484375,4087.92724609375,4217.341796875,38560429932,4217.341796875,2025-09-29,"Mon",0
"2025-09-30",4217.05517578125,4238.67138671875,4095.44360351562,4145.95751953125,37679153330,4145.95751953125,2025-09-30,"Tue",0
"2025-10-01",4146.03369140625,4351.1123046875,4125.5419921875,4351.1123046875,46161664723,4351.1123046875,2025-10-01,"Wed",0
"2025-10-02",4352.24072265625,4517.6650390625,4336.5263671875,4487.923828125,48074066058,4487.923828125,2025-10-02,"Thu",0
"2025-10-03",4486.9345703125,4591.44384765625,4431.47900390625,4514.87060546875,49603450230,4514.87060546875,2025-10-03,"Fri",0
"2025-10-04",4514.9091796875,4519.52685546875,4444.0126953125,4489.197265625,21832270764,4489.197265625,2025-10-04,"Sat",1
"2025-10-05",4489.05322265625,4616.533203125,4472.138671875,4515.4228515625,44880806324,4515.4228515625,2025-10-05,"Sun",1
"2025-10-06",4515.30078125,4736.208984375,4492.8701171875,4687.771484375,44992456374,4687.771484375,2025-10-06,"Mon",0
"2025-10-07",4687.7099609375,4755.22021484375,4443.5712890625,4451.15185546875,54879425294,4451.15185546875,2025-10-07,"Tue",0
"2025-10-08",4451.10791015625,4556.2216796875,4417.76806640625,4527.64794921875,40456628235,4527.64794921875,2025-10-08,"Wed",0
"2025-10-09",4526.9609375,4531.716796875,4273.5595703125,4369.1435546875,47903074596,4369.1435546875,2025-10-09,"Thu",0
"2025-10-10",4369.0654296875,4395.57080078125,3460.22241210938,3843.0087890625,97736621123,3843.0087890625,2025-10-10,"Fri",0
"2025-10-11",3840.96044921875,3882.24145507812,3652.7900390625,3750.61157226562,62475475938,3750.61157226562,2025-10-11,"Sat",1
"2025-10-12",3750.94604492188,4195.3974609375,3701.47827148438,4164.427734375,61216174681,4164.427734375,2025-10-12,"Sun",1
"2025-10-13",4164.04931640625,4292.845703125,4061.224609375,4245.4677734375,50253782420,4245.4677734375,2025-10-13,"Mon",0
"2025-10-14",4245.37255859375,4265.10546875,3895.9736328125,4125.412109375,67094148347,4125.412109375,2025-10-14,"Tue",0
"2025-10-15",4125.361328125,4213.85595703125,3935.16137695312,3987.45947265625,50462889453,3987.45947265625,2025-10-15,"Wed",0
"2025-10-16",3987.14892578125,4079.64819335938,3829.65405273438,3894.75439453125,49147390731,3894.75439453125,2025-10-16,"Thu",0
"2025-10-17",3894.37768554688,3950.56689453125,3678.62036132812,3832.55883789062,57404271888,3832.55883789062,2025-10-17,"Fri",0
"2025-10-18",3833.00952148438,3927.24560546875,3822.26635742188,3890.34619140625,23815676385,3890.34619140625,2025-10-18,"Sat",1
"2025-10-19",3890.58349609375,4029.35546875,3843.77294921875,3984.64965820312,32870655221,3984.64965820312,2025-10-19,"Sun",1
"2025-10-20",3984.6962890625,4084.15966796875,3911.72631835938,3980.76025390625,40224612563,3980.76025390625,2025-10-20,"Mon",0
"2025-10-21",3980.74047851562,4109.533203125,3843.22778320312,3876.76416015625,49960290350,3876.76416015625,2025-10-21,"Tue",0
"2025-10-22",3877.36303710938,3890.63232421875,3718.0771484375,3808.12231445312,46173305673,3808.12231445312,2025-10-22,"Wed",0
"2025-10-23",3808.0849609375,3930.97485351562,3801.24145507812,3856.0263671875,36361652714,3856.0263671875,2025-10-23,"Thu",0
"2025-10-24",3856.033203125,4002.56176757812,3849.72485351562,3934.5673828125,34090708715,3934.5673828125,2025-10-24,"Fri",0
"2025-10-25",3934.48999023438,3967.6455078125,3914.640625,3953.47094726562,15245229017,3953.47094726562,2025-10-25,"Sat",1
"2025-10-26",3953.43725585938,4177.310546875,3923.19262695312,4157.9892578125,29120786315,4157.9892578125,2025-10-26,"Sun",1
"2025-10-27",4158.0107421875,4250.669921875,4099.56982421875,4120.1220703125,40271333201,4120.1220703125,2025-10-27,"Mon",0
"2025-10-28",4120.27490234375,4173.50537109375,3940.83422851562,3982.26245117188,39684155177,3982.26245117188,2025-10-28,"Tue",0
"2025-10-29",3980.75903320312,4036.35302734375,3849.53881835938,3903.35302734375,35255876156,3903.35302734375,2025-10-29,"Wed",0
"2025-10-30",3903.32250976562,3948.22265625,3681.90942382812,3804.37524414062,39981939289,3804.37524414062,2025-10-30,"Thu",0
"2025-10-31",3805.08276367188,3900.58032226562,3797.66918945312,3847.08032226562,37800100395,3847.08032226562,2025-10-31,"Fri",0
"2025-11-01",3847.17138671875,3906.7802734375,3832.634765625,3874.18798828125,17490279524,3874.18798828125,2025-11-01,"Sat",1
